193.5,-108,-729,16
,,,
96.75,-54,-850.5,24
,,,
174.375,-234,-2531.25,32
,,,
87.1875,-117,-2318.625,40
,,,
43.59375,-58.5,-1685.8125,48
,,,
21.796875,-29.25,-1106.15625,56
,,,
10.8984375,-14.625,-684.703125,64
,,,
5.44921875,-7.3125,-408.1640625,72
,,,
2.724609375,-3.65625,-236.9882813,80
,,,
1.362304688,-1.828125,-134.9472656,88
,,,
135.6811523,-90.9140625,-885.7001953,96
,,,
67.84057617,-45.45703125,-851.9633789,104
,,,
33.92028809,-22.72851563,-630.5383301,112
,,,
16.96014404,-11.36425781,-417.5474854,120
,,,
8.480072021,-5.682128906,-259.9129028,128
,,,
4.240036011,-2.841064453,-155.5260315,136
,,,
2.120018005,-1.420532227,-90.54780579,144
,,,
82.060009,-27.71026611,-294.6662979,152
,,,
41.0300045,-13.85513306,-272.0293465,160
,,,
20.51500225,-6.927566528,-198.362772,168
,,,
10.25750113,-3.463783264,-130.3554354,176
,,,
5.128750563,-1.731891632,-80.76474237,184
,,,
2.564375281,-0.865945816,-48.17588353,192
,,,
1.282187641,-0.432972908,-27.98469794,200
,,,
0.64109382,-0.216486454,-15.94072706,208
,,,
144.3205469,-0.108243227,-8.944552571,216
,,,
72.16027346,-0.054121614,-4.959370807,224
,,,
36.08013673,-0.027060807,-2.723232664,232
,,,
18.04006836,-0.013530403,-1.483389962,240
,,,
9.020034182,-0.006765202,-0.802581796,248
,,,
4.510017091,-0.003382601,-0.431734306,256
,,,
2.255008545,-0.0016913,-0.231088857,264
,,,
1.127504273,-0.00084565,-0.12315528,272
,,,
108.5637521,-36.00042283,-324.0653831,280
,,,
54.28187607,-18.00021141,-324.0345942,288
,,,
27.14093803,-9.000105706,-243.0182485,296
,,,
13.57046902,-4.500052853,-162.0095999,304
,,,
6.785234509,-2.250026427,-101.2550378,312
,,,
3.392617254,-1.125013213,-60.75263782,320
,,,
1.696308627,-0.562506607,-35.43887837,328
,,,
0.848154314,-0.281253303,-20.25071891,336
,,,
117.4240772,-36.14062665,-335.3909993,344
,,,
58.71203858,-18.07031333,-330.3283196,352
,,,
29.35601929,-9.035156663,-246.4805698,360
,,,
14.67800964,-4.517578331,-163.8984899,368
,,,
7.339004822,-2.258789166,-102.2783474,376
,,,
3.669502411,-1.129394583,-61.30372496,384
,,,
1.834751206,-0.564697291,-35.7341381,392
,,,
0.917375603,-0.282348646,-20.40820686,400
,,,
171.4586878,-72.14117432,-659.4746723,408
,,,
85.7293439,-36.07058716,-654.3726206,416
,,,
42.86467195,-18.03529358,-489.5039525,424
,,,
21.43233598,-9.01764679,-325.9107974,432
,,,
10.71616799,-4.508823395,-203.5348092,440
,,,
5.358083994,-2.254411698,-122.0571099,448
,,,
2.679041997,-1.127205849,-71.17340759,456
,,,
1.339520998,-0.563602924,-40.65913011,464
,,,
0.669760499,-0.281801462,-22.86577822,472
,,,
0.33488025,-0.140900731,-12.70099569,480
,,,
216.1674401,-90.07045037,-816.9845511,488
,,,
108.0837201,-45.03522518,-813.8093022,496
,,,
54.04186003,-22.51761259,-609.5631644,504
,,,
27.02093002,-11.2588063,-406.1108389,512
,,,
13.51046501,-5.629403148,-253.7200478,520
,,,
6.755232504,-2.814701574,-152.192338,528
,,,
3.377616252,-1.407350787,-88.76232611,536
,,,
1.688808126,-0.703675393,-50.7142416,544
,,,
0.844404063,-0.351837697,-28.52366007,552
,,,
306.422202,-126.1759188,-1149.8451,560
,,,
153.211101,-63.08795942,-1142.714185,568
,,,
76.60555051,-31.54397971,-855.2529097,576
,,,
38.30277525,-15.77198986,-569.5743636,584
,,,
19.15138763,-7.885994928,-355.7611361,592
,,,
9.575693813,-3.942997464,-213.3675452,600
,,,
4.787846907,-1.971498732,-124.4272612,608
,,,
2.393923453,-0.985749366,-71.0853749,616
,,,
1.196961727,-0.492874683,-39.9785596,624
,,,
0.598480863,-0.246437342,-22.20721587,632
,,,
333.2992404,-135.1232187,-1227.212576,640
,,,
166.6496202,-67.56160934,-1221.660772,648
,,,
83.32481011,-33.78080467,-914.857628,656
,,,
41.66240505,-16.89040233,-609.442435,664
,,,
20.83120253,-8.445201167,-380.728028,672
,,,
10.41560126,-4.222600583,-228.3674193,680
,,,
5.207800632,-2.111300292,-133.1854123,688
,,,
2.603900316,-1.055650146,-76.09355744,696
,,,
1.301950158,-0.527825073,-42.79720438,704
,,,
0.650975079,-0.263912536,-23.77381502,712
,,,
423.3254875,-63.13195627,-580.0745139,720
,,,
211.6627438,-31.56597813,-574.1310602,728
,,,
105.8313719,-15.78298907,-429.1124317,736
,,,
52.91568594,-7.891494534,-285.5796666,744
,,,
26.45784297,-3.945747267,-178.3015587,752
,,,
13.22892149,-1.972873633,-106.9066421,760
,,,
6.614460743,-0.986436817,-62.33125238,768
,,,
3.307230371,-0.493218408,-35.60459187,776
,,,
1.653615186,-0.246609204,-20.02177877,784
,,,
504.8268076,8.876695398,69.8793692,792
,,,
252.4134038,4.438347699,74.88481389,800
,,,
126.2067019,2.219173849,57.41497159,808
,,,
63.10335095,1.109586925,38.69376812,816
,,,
31.55167547,0.554793462,24.34002522,824
,,,
15.77583774,0.277396731,14.66658319,832
,,,
7.887918869,0.138698366,8.581576886,840
,,,
3.943959434,0.069349183,4.914931088,848
,,,
1.971979717,0.034674591,2.769536867,856
,,,
585.9859899,99.0173373,892.5408041,864
,,,
292.9929949,49.50866865,891.8484199,872
,,,
146.4964975,24.75433432,668.7132189,880
,,,
73.24824873,12.37716716,445.7511139,888
,,,
36.62412437,6.188583581,278.5728092,896
,,,
18.31206218,3.09429179,167.1350307,904
,,,
9.156031092,1.547145895,97.49182841,912
,,,
4.578015546,0.773572948,55.70807073,920
,,,
2.289007773,0.386786474,31.33511363,928
,,,
1.144503886,0.193393237,17.40809595,936
,,,
567.5722519,108.0966966,981.5743175,944
,,,
283.786126,54.04834831,977.2222936,952
,,,
141.893063,27.02417415,731.8287142,960
,,,
70.94653149,13.51208708,487.5231408,968
,,,
35.47326575,6.756043539,304.5659622,976
,,,
17.73663287,3.378021769,182.685177,984
,,,
8.868316437,1.689010885,106.5436865,992
,,,
4.434158218,0.844505442,60.87239222,1000
,,,
2.217079109,0.422252721,34.2364706,1008
,,,
1.108539555,0.211126361,19.01837255,1016
,,,
504.5542698,144.1055632,1306.459255,1024
,,,
252.2771349,72.05278159,1301.704662,1032
,,,
126.1385674,36.0263908,975.089848,1040
,,,
63.06928372,18.0131954,649.6636826,1048
,,,
31.53464186,9.006597699,405.8912206,1056
,,,
15.76732093,4.503298849,243.4752999,1064
,,,
7.883660465,2.251649425,142.0024948,1072
,,,
3.941830233,1.125824712,81.13366981,1080
,,,
1.970915116,0.562912356,45.63304611,1088
,,,
0.985457558,0.281456178,25.34962866,1096
,,,
324.4927288,117.1407281,1066.941367,1104
,,,
162.2463644,58.57036404,1060.60396,1112
,,,
81.12318219,29.28518202,793.8686182,1120
,,,
40.5615911,14.64259101,528.7176282,1128
,,,
20.28079555,7.321295506,330.2504736,1136
,,,
10.14039777,3.660647753,198.0710666,1144
,,,
5.070198887,1.830323876,115.5084482,1152
,,,
2.535099444,0.915161938,65.99068154,1160
,,,
1.267549722,0.457580969,37.11356949,1168
,,,
0.633774861,0.228790485,20.61589911,1176
,,,
36.31688743,-8.885604758,-69.66249327,1184
,,,
18.15844372,-4.442802379,-74.81646804,1192
,,,
9.079221858,-2.221401189,-57.40084473,1200
,,,
4.539610929,-1.110700595,-38.69672772,1208
,,,
2.269805464,-0.555350297,-24.34651653,1216
,,,
1.134902732,-0.277675149,-14.67233461,1224
,,,
0.567451366,-0.138837574,-8.585705472,1232
,,,
0.283725683,-0.069418787,-4.91762182,1240
,,,
0.141862842,-0.034709394,-2.771195452,1248
,,,
-269.9290686,-153.0173547,-1378.54179,1256
,,,
-134.9645343,-76.50867735,-1377.848991,1264
,,,
-67.48226714,-38.25433867,-1033.213544,1272
,,,
-33.74113357,-19.12716934,-688.7512959,1280
,,,
-16.87056679,-9.563584669,-430.4479099,1288
,,,
-8.435283393,-4.781792334,-258.260086,1296
,,,
-4.217641697,-2.390896167,-150.6481085,1304
,,,
-2.108820848,-1.195448084,-86.083087,1312
,,,
-928.0544104,-0.597724042,-48.42105988,1320
,,,
-464.0272052,-0.298862021,-26.90028813,1328
,,,
-232.0136026,-0.14943101,-14.79502316,1336
,,,
-116.0068013,-0.074715505,-8.069951125,1344
,,,
-58.00340065,-0.037357753,-4.371195336,1352
,,,
-29.00170033,-0.018678876,-2.353707555,1360
,,,
-14.50085016,-0.009339438,-1.260908721,1368
,,,
-7.250425081,-0.004669719,-0.672481832,1376
,,,
-282.6252125,827.9976651,7451.642745,1384
,,,
-141.3126063,413.9988326,7451.810866,1392
,,,
-70.65630314,206.9994163,5588.900179,1400
,,,
-35.32815157,103.4997081,3725.947463,1408
,,,
-17.66407578,51.74985407,2328.722418,1416
,,,
-8.832037892,25.87492704,1397.235552,1424
,,,
-4.416018946,12.93746352,815.0549479,1432
,,,
-2.208009473,6.468731759,465.7460598,1440
,,,
-271.1040047,228.2343659,2286.982323,1448
,,,
-135.5520024,114.1171829,2170.545808,1456
,,,
-67.77600118,57.05859147,1598.800227,1464
,,,
-33.88800059,28.52929573,1056.163775,1472
,,,
-16.9440003,14.26464787,656.4637184,1480
,,,
-8.472000148,7.132323934,392.4227746,1488
,,,
-4.236000074,3.566161967,228.306845,1496
,,,
-2.118000037,1.783080983,130.2011514,1504
,,,
-1.059000019,0.891540492,73.1244401,1512
,,,
-414.5295,-62.55422975,-526.4258477,1520
,,,
-207.26475,-31.27711488,-544.7069578,1528
,,,
-103.632375,-15.63855744,-413.1004958,1536
,,,
-51.8161875,-7.819278719,-276.9237564,1544
,,,
-25.90809375,-3.90963936,-173.6486324,1552
,,,
-12.95404688,-1.95481968,-104.4176933,1560
,,,
-6.477023438,-0.97740984,-61.00553523,1568
,,,
-3.238511719,-0.48870492,-34.90111189,1576
,,,
-1.619255859,-0.24435246,-19.64972809,1584
,,,
-324.8096279,-108.1221762,-982.9244501,1592
,,,
-162.404814,-54.06108812,-978.0120181,1600
,,,
-81.20240698,-27.03054406,-732.2809056,1608
,,,
-40.60120349,-13.51527203,-487.777901,1616
,,,
-20.30060175,-6.757636014,-304.7076747,1624
,,,
-10.15030087,-3.378818007,-182.7631994,1632
,,,
-5.075150436,-1.689409004,-106.5862807,1640
,,,
-2.537575218,-0.844704502,-60.89548088,1648
,,,
-1.268787609,-0.422352251,-34.2489107,1656
,,,
-90.6343938,-45.21117613,-424.0250405,1664
,,,
-45.3171969,-22.60558806,-415.4628128,1672
,,,
-22.65859845,-11.30279403,-309.4565527,1680
,,,
-11.32929923,-5.651397016,-205.5908495,1688
,,,
-5.664649613,-2.825698508,-128.2267113,1696
,,,
-2.832324806,-1.412849254,-76.82899894,1704
,,,
-1.416162403,-0.706424627,-44.77232111,1712
,,,
-0.708081202,-0.353212313,-25.56507138,1720
,,,
-0.354040601,-0.176606157,-14.3719911,1728
,,,
350.8229797,179.9116969,1612.019277,1736
,,,
175.4114899,89.95584846,1615.612275,1744
,,,
87.70574492,44.97792423,1212.607455,1752
,,,
43.85287246,22.48896212,808.7043867,1760
,,,
21.92643623,11.24448106,505.5525229,1768
,,,
10.96321812,5.622240529,303.3764262,1776
,,,
5.481609058,2.811120264,176.9882955,1784
,,,
2.740804529,1.405560132,101.1441889,1792
,,,
1.370402264,0.702780066,56.89711506,1800
,,,
666.6852011,432.35139,3919.611068,1808
,,,
333.3426006,216.175695,3905.386789,1816
,,,
166.6713003,108.0878475,2925.484022,1824
,,,
83.33565014,54.04392375,1949.137325,1832
,,,
41.66782507,27.02196188,1217.766319,1840
,,,
20.83391254,13.51098094,730.4819881,1848
,,,
10.41695627,6.755490469,426.0404083,1856
,,,
5.208478134,3.377745235,243.4199112,1864
,,,
2.604239067,1.688872617,136.9098092,1872
,,,
1.302119533,0.844436309,76.05483137,1880
,,,
513.6510598,351.4222182,3200.827379,1888
,,,
256.8255299,175.7111091,3181.813671,1896
,,,
128.4127649,87.85555454,2381.606826,1904
,,,
64.20638247,43.92777727,1586.153409,1912
,,,
32.10319124,21.96388863,990.751702,1920
,,,
16.05159562,10.98194432,594.2133499,1928
,,,
8.025797809,5.490972159,346.5254244,1936
,,,
4.012898904,2.745486079,197.9720869,1944
,,,
2.006449452,1.37274304,111.3407308,1952
,,,
1.003224726,0.68637152,61.84770908,1960
,,,
189.5016124,225.3431858,2059.012526,1968
,,,
94.75080618,112.6715929,2043.550599,1976
,,,
47.37540309,56.33579644,1528.797468,1984
,,,
23.68770155,28.16789822,1017.909818,1992
,,,
11.84385077,14.08394911,635.7104509,2000
,,,
5.921925386,7.041974555,381.2329964,2008
,,,
2.960962693,3.520987278,222.3053837,2016
,,,
1.480481347,1.760493639,126.9971346,2024
,,,
-107.2597593,45.88024682,476.4207887,2032
,,,
-53.62987966,22.94012341,444.671505,2040
,,,
-26.81493983,11.4700617,325.5663079,2048
,,,
-13.40746992,5.735030852,214.3984316,2056
,,,
-6.703734958,2.867515426,133.0068546,2064
,,,
-3.351867479,1.433757713,79.40724674,2072
,,,
-1.675933739,0.716878857,46.15553308,2080
,,,
-360.8379669,-17.64156057,-135.6962786,2088
,,,
-180.4189834,-8.820780286,-147.2351619,2096
,,,
-90.20949172,-4.410390143,-113.3110922,2104
,,,
-45.10474586,-2.205195071,-76.50230176,2112
,,,
-22.55237293,-1.102597536,-48.1745287,2120
,,,
-11.27618646,-0.551298768,-29.04895326,2128
,,,
-5.638093232,-0.275649384,-17.00532109,2136
,,,
-2.819046616,-0.137824692,-9.743082771,2144
,,,
-991.4095233,-387.0689123,-3488.491753,2152
,,,
-495.7047617,-193.5344562,-3486.055982,2160
,,,
-247.8523808,-96.76722809,-2613.933044,2168
,,,
-123.9261904,-48.38361404,-1742.419048,2176
,,,
-61.96309521,-24.19180702,-1088.935787,2184
,,,
-30.9815476,-12.09590351,-653.3310253,2192
,,,
-15.4907738,-6.047951755,-381.0970784,2200
,,,
-7.745386901,-3.023975878,-217.7643221,2208
,,,
-327.8726935,745.4880121,6600.509947,2216
,,,
-163.9363467,372.744006,6654.951028,2224
,,,
-81.96817336,186.372003,5004.823541,2232
,,,
-40.98408668,93.18600151,3341.085784,2240
,,,
-20.49204334,46.59300075,2089.879899,2248
,,,
-10.24602167,23.29650038,1254.608453,2256
,,,
-5.123010835,11.64825019,732.1384781,2264
,,,
-164.5615054,212.8241251,2281.486365,2272
,,,
-82.28075271,106.4120625,2098.451745,2280
,,,
-41.14037635,53.20603127,1528.080154,2288
,,,
-20.57018818,26.60301564,1003.467218,2296
,,,
-10.28509409,13.30150782,621.4471793,2304
,,,
-5.142547044,6.650753909,370.5803748,2312
,,,
-2.571273522,3.325376955,215.21858,2320
,,,
-1.285636761,1.662688477,122.5734863,2328
,,,
-396.6428184,-80.16865576,-660.2311587,2336
,,,
-198.3214092,-40.08432788,-690.8745303,2344
,,,
-99.1607046,-20.04216394,-525.8167406,2352
,,,
-49.5803523,-10.02108197,-353.098108,2360
,,,
-24.79017615,-5.010540985,-221.6439229,2368
,,,
-12.39508807,-2.505270493,-133.3693959,2376
,,,
-6.197544037,-1.252635246,-77.95841515,2384
,,,
-372.098772,-72.62631762,-692.6160662,2392
,,,
-186.049386,-36.31315881,-673.1264624,2400
,,,
-93.024693,-18.15657941,-499.9724459,2408
,,,
-46.5123465,-9.078289703,-331.6908303,2416
,,,
-23.25617325,-4.539144851,-206.6977188,2424
,,,
-11.62808663,-2.269572426,-123.7750112,2432
,,,
-5.814043313,-1.134786213,-72.10058153,2440
,,,
-182.9070217,-36.56739311,-365.1568287,2448
,,,
-91.45351083,-18.28369655,-347.1316833,2456
,,,
-45.72675541,-9.141848277,-255.8424762,2464
,,,
-22.86337771,-4.570924138,-169.0595553,2472
,,,
-11.43168885,-2.285462069,-105.0989363,2480
,,,
-5.715844427,-1.142731035,-62.83404745,2488
,,,
-2.857922213,-0.571365517,-36.55931338,2496
,,,
115.5710389,17.71431724,141.1491985,2504
,,,
57.78551945,8.857158621,150.2890268,2512
,,,
28.89275972,4.42857931,115.0017272,2520
,,,
14.44637986,2.214289655,77.4294705,2528
,,,
7.223189931,1.107144828,48.6790387,2536
,,,
3.611594965,0.553572414,29.32167107,2544
,,,
1.805797483,0.276786207,17.1519114,2552
,,,
0.902898741,0.138393103,9.82149363,2560
,,,
621.4514494,387.0691966,3488.533516,2568
,,,
310.7257247,193.5345983,3486.078142,2576
,,,
155.3628623,96.76729914,2613.944763,2584
,,,
77.68143117,48.38364957,1742.425228,2592
,,,
38.84071559,24.19182478,1088.939037,2600
,,,
19.42035779,12.09591239,653.33273,2608
,,,
9.710178896,6.047956196,381.0979708,2616
,,,
4.855089448,3.023978098,217.7647883,2624
,,,
461.4275447,424.511989,3929.490296,2632
,,,
230.7137724,212.2559945,3875.049099,2640
,,,
115.3568862,106.1279973,2892.676525,2648
,,,
57.67844309,53.06399863,1923.91425,2656
,,,
28.83922155,26.53199932,1200.745119,2664
,,,
14.41961077,13.26599966,719.7665563,2672
,,,
7.209805386,6.632999829,419.5802766,2680
,,,
3.604902693,3.316499914,239.6386375,2688
,,,
1.802451347,1.658249957,134.7435684,2696
,,,
117.9012257,243.829125,2261.833909,2704
,,,
58.95061284,121.9145625,2228.148017,2712
,,,
29.47530642,60.95728124,1662.68954,2720
,,,
14.73765321,30.47864062,1105.652535,2728
,,,
7.368826605,15.23932031,689.9801505,2736
,,,
3.684413302,7.619660156,413.5670167,2744
,,,
1.842206651,3.809830078,241.071979,2752
,,,
0.921103326,1.904915039,137.6802249,2760
,,,
0.460551663,0.952457519,77.41223011,2768
,,,
0.230275831,0.47622876,42.99217389,2776
,,,
-269.8848621,63.23811438,590.6391164,2784
,,,
-134.942431,31.61905719,579.8910729,2792
,,,
-67.47121552,15.8095286,432.2312938,2800
,,,
-33.73560776,7.904764297,287.2585256,2808
,,,
-16.86780388,3.952382149,179.2007021,2816
,,,
-8.43390194,1.976191074,107.3860707,2824
,,,
-4.21695097,0.988095537,62.5858952,2832
,,,
-2.108475485,0.494047769,35.73937752,2840
,,,
-1.054237743,0.247023884,20.09290372,2848
,,,
-0.527118871,0.123511942,11.15805934,2856
,,,
-0.263559436,0.061755971,6.134833409,2864
,,,
-0.131779718,0.030877986,3.345318574,2872
,,,
-648.0658899,-62.98456101,-565.1883898,2880
,,,
-324.0329449,-31.4922805,-566.0247194,2888
,,,
-162.0164725,-15.74614025,-424.727622,2896
,,,
-81.00823623,-7.873070126,-283.2214421,2904
,,,
-40.50411812,-3.936535063,-177.0395366,2912
,,,
-20.25205906,-1.968267531,-106.2341761,2920
,,,
-10.12602953,-0.984133766,-61.97429194,2928
,,,
-5.063014765,-0.492066883,-35.41574792,2936
,,,
-2.531507382,-0.246033441,-19.92217493,2944
,,,
-1.265753691,-0.123016721,-11.06823795,2952
,,,
-1152.632877,-351.0615084,-3165.087694,2960
,,,
-576.3164384,-175.5307542,-3162.320635,2968
,,,
-288.1582192,-87.76537709,-2371.048711,2976
,,,
-144.0791096,-43.88268855,-1580.468552,2984
,,,
-72.0395548,-21.94134427,-987.7063747,2992
,,,
-36.0197774,-10.97067214,-592.5892366,3000
,,,
-18.0098887,-5.485336068,-345.6626429,3008
,,,
-9.00494435,-2.742668034,-197.5153338,3016
,,,
-4.502472175,-1.371334017,-111.099673,3024
,,,
-2.251236088,-0.685667009,-61.72083959,3032
,,,
-199.125618,1142.657167,10253.05408,3040
,,,
-99.56280902,571.3285832,10268.48429,3048
,,,
-49.78140451,285.6642916,7705.220769,3056
,,,
-24.89070226,142.8321458,5138.099697,3064
,,,
-12.44535113,71.41607291,3211.794505,3072
,,,
-6.222675564,35.70803645,1927.26958,3080
,,,
-3.111337782,17.85401823,1124.320954,3088
,,,
-1.555668891,8.927009113,642.5035591,3096
,,,
-0.777834445,4.463504557,361.4233206,3104
,,,
-0.388917223,2.231752278,200.7974308,3112
,,,
-0.194458611,1.115876139,110.4416006,3120
,,,
-468.0972293,117.5579381,1113.242243,3128
,,,
-234.0486147,58.77896903,1085.631843,3136
,,,
-117.0243073,29.38948452,807.3212821,3144
,,,
-58.51215366,14.69474226,535.9133214,3152
,,,
-29.25607683,7.347371129,334.0830008,3160
,,,
-14.62803842,3.673685565,200.1046705,3168
,,,
-7.314019208,1.836842782,116.5839203,3176
,,,
-624.6570096,-89.08157861,-743.4422473,3184
,,,
-312.3285048,-44.5407893,-772.5882274,3192
,,,
-156.1642524,-22.27039465,-586.7276656,3200
,,,
-78.0821262,-11.13519733,-393.5806087,3208
,,,
-39.0410631,-5.567598663,-246.8986923,3216
,,,
-19.52053155,-2.783799332,-148.5035401,3224
,,,
-9.760265775,-1.391899666,-86.77886707,3232
,,,
-4.880132888,-0.695949833,-49.65298203,3240
,,,
-2.440066444,-0.347974916,-27.95826526,3248
,,,
-1.220033222,-0.173987458,-15.54501976,3256
,,,
-0.610016611,-0.086993729,-8.55545344,3264
,,,
-459.3050083,-90.04349686,-814.6691985,3272
,,,
-229.6525042,-45.02174843,-812.5303351,3280
,,,
-114.8262521,-22.51087422,-608.8630355,3288
,,,
-57.41312604,-11.25543711,-405.7304517,3296
,,,
-28.70656302,-5.627718554,-253.5146929,3304
,,,
-14.35328151,-2.813859277,-152.0820799,3312
,,,
-7.176640755,-1.406929639,-88.70340671,3320
,,,
-3.588320377,-0.703464819,-50.68288673,3328
,,,
-1.794160189,-0.35173241,-28.50703505,3336
,,,
-0.897080094,-0.175866205,-15.83631337,3344
,,,
-207.44854,-0.087933102,-8.709554606,3352
,,,
-103.72427,-0.043966551,-4.750476264,3360
,,,
-51.86213501,-0.021983276,-2.573087612,3368
,,,
-25.93106751,-0.010991638,-1.385468546,3376
,,,
-12.96553375,-0.005495819,-0.742196643,3384
,,,
-6.482766876,-0.002747909,-0.395829507,3392
,,,
-3.241383438,-0.001373955,-0.210280346,3400
,,,
-1.620691719,-0.000686977,-0.111322969,3408
,,,
-0.81034586,-0.000343489,-0.058752883,3416
,,,
-0.40517293,-0.000171744,-0.03092214,3424
,,,
377.7974135,260.9999141,2348.983766,3432
,,,
188.8987068,130.4999571,2348.991497,3440
,,,
94.44935338,65.24997853,1761.745555,3448
,,,
47.22467669,32.62498927,1174.497681,3456
,,,
23.61233835,16.31249463,734.0612922,3464
,,,
11.80616917,8.156247316,440.4368719,3472
,,,
5.903084586,4.078123658,256.9215489,3480
,,,
2.951542293,2.039061829,146.8123309,3488
,,,
1.475771147,1.019530915,82.58194368,3496
,,,
0.737885573,0.509765457,45.87886096,3504
,,,
504.3689428,621.2548827,5614.233375,3512
,,,
252.1844714,310.6274414,5602.76366,3520
,,,
126.0922357,155.3137207,4199.205316,3528
,,,
63.04611785,77.65686034,2798.514401,3536
,,,
31.52305892,38.82843017,1748.713072,3544
,,,
15.76152946,19.41421509,1049.084472,3552
,,,
7.880764731,9.707107543,611.9062038,3560
,,,
3.940382366,4.853553771,349.6350858,3568
,,,
1.970191183,2.426776886,196.6585349,3576
,,,
243.9850956,298.2133884,2782.249763,3584
,,,
121.9925478,149.1066942,2733.08513,3592
,,,
60.9962739,74.55334711,2037.522689,3600
,,,
30.49813695,37.27667356,1354.251406,3608
,,,
15.24906847,18.63833678,844.8707342,3616
,,,
7.624534237,9.319168389,506.3078826,3624
,,,
3.812267119,4.659584194,295.0901991,3632
,,,
1.906133559,2.329792097,168.5132284,3640
,,,
-269.0469332,145.164896,1390.740679,3648
,,,
-134.5234666,72.58244802,1348.612372,3656
,,,
-67.26173331,36.29122401,1000.927202,3664
,,,
-33.63086665,18.14561201,663.774109,3672
,,,
-16.81543333,9.072806003,413.5423085,3680
,,,
-8.407716663,4.536403002,247.5987813,3688
,,,
-4.203858332,2.268201501,144.2132041,3696
,,,
-2.101929166,1.13410075,82.31350883,3704
,,,
-1.050964583,0.567050375,46.26020779,3712
,,,
-0.525482291,0.283525188,25.68183058,3720
,,,
-756.2627411,-242.8582374,-2172.883221,3728
,,,
-378.1313706,-121.4291187,-2179.303679,3736
,,,
-189.0656853,-60.71455935,-1636.082874,3744
,,,
-94.53284264,-30.35727968,-1091.256954,3752
,,,
-47.26642132,-15.17863984,-682.2362355,3760
,,,
-23.63321066,-7.589319919,-409.421997,3768
,,,
-11.81660533,-3.794659959,-238.8629381,3776
,,,
-5.908302665,-1.89732998,-136.5074389,3784
,,,
-2.954151333,-0.94866499,-76.79170435,3792
,,,
-1.477075666,-0.474332495,-42.66484463,3800
,,,
-1152.738538,-63.23716625,-590.4669185,3808
,,,
-576.3692689,-31.61858312,-579.8007074,3816
,,,
-288.1846345,-15.80929156,-432.1839777,3824
,,,
-144.0923172,-7.904645781,-287.2338009,3832
,,,
-72.04615861,-3.95232289,-179.1878065,3840
,,,
-36.02307931,-1.976161445,-107.3793562,3848
,,,
-18.01153965,-0.988080723,-62.58240462,3856
,,,
-9.005769827,-0.494040361,-35.73756556,3864
,,,
-4.502884913,-0.247020181,-20.09196441,3872
,,,
-2.251442457,-0.12351009,-11.15757302,3880
,,,
-181.1257212,836.938245,7526.865418,3888
,,,
-90.56286061,418.4691225,7529.654811,3896
,,,
-45.28143031,209.2345612,5647.938457,3904
,,,
-22.64071515,104.6172806,3765.524754,3912
,,,
-11.32035758,52.30864031,2353.54014,3920
,,,
-5.660178788,26.15432015,1412.158951,3928
,,,
-2.830089394,13.07716008,823.7739163,3936
,,,
-1.415044697,6.538580039,470.7341785,3944
,,,
-0.707522349,3.269290019,264.7906994,3952
,,,
-0.353761174,1.63464501,147.1071548,3960
,,,
-387.1768806,54.8173225,566.9094799,3968
,,,
-193.5884403,27.40866125,530.1326912,3976
,,,
-96.79422015,13.70433063,388.4053213,3984
,,,
-48.39711007,6.852165313,255.8721484,3992
,,,
-24.19855504,3.426082657,158.7708181,4000
,,,
-12.09927752,1.713041328,94.80278102,4008
,,,
-6.049638759,0.856520664,55.11007649,4016
,,,
-3.02481938,0.428260332,31.40938123,4024
,,,
-505.5124097,-98.78586983,-873.3681379,4032
,,,
-252.7562048,-49.39293492,-881.2204832,4040
,,,
-126.3781024,-24.69646746,-662.8784487,4048
,,,
-63.18905121,-12.34823373,-442.5733279,4056
,,,
-31.59452561,-6.174116865,-276.8537157,4064
,,,
-15.7972628,-3.087058432,-166.2103838,4072
,,,
-7.898631401,-1.543529216,-96.99695483,4080
,,,
-3.949315701,-0.771764608,-55.44435889,4088
,,,
-451.9746579,-99.3858823,-922.1951202,4096
,,,
-225.9873289,-49.69294115,-908.3340305,4104
,,,
-112.9936645,-24.84647058,-677.7852504,4112
,,,
-56.49683223,-12.42323529,-450.7017428,4120
,,,
-28.24841612,-6.211617644,-281.2554302,4128
,,,
-14.12420806,-3.105808822,-168.5799945,4136
,,,
-7.062104029,-1.552904411,-98.26613695,4144
,,,
-3.531052014,-0.776452206,-56.12113832,4152
,,,
-172.765526,-18.3882261,-193.5546041,4160
,,,
-86.382763,-9.194113051,-179.5243195,4168
,,,
-43.1913815,-4.597056526,-131.1356685,4176
,,,
-21.59569075,-2.298528263,-86.25458861,4184
,,,
-10.79784538,-1.149264131,-53.47067149,4192
,,,
-5.398922688,-0.574632066,-31.90702433,4200
,,,
-2.699461344,-0.287316033,-18.53935646,4208
,,,
-1.349730672,-0.143658016,-10.56260038,4216
,,,
368.3251347,197.928171,1776.072239,4224
,,,
184.1625673,98.9640855,1778.712889,4232
,,,
92.08128367,49.48204275,1334.694829,4240
,,,
46.04064183,24.74102137,890.0166069,4248
,,,
23.02032092,12.37051069,556.3428997,4256
,,,
11.51016046,6.185255343,333.8387479,4264
,,,
5.755080229,3.092627672,194.753023,4272
,,,
2.877540115,1.546313836,111.293336,4280
,,,
523.4387701,567.7731569,5165.60508,4288
,,,
261.719385,283.8865785,5137.781746,4296
,,,
130.8596925,141.9432892,3846.380476,4304
,,,
65.42984626,70.97164461,2561.93504,4312
,,,
32.71492313,35.48582231,1600.339921,4320
,,,
16.35746156,17.74291115,959.8561607,4328
,,,
8.178730782,8.871455577,559.7711805,4336
,,,
4.089365391,4.435727788,319.8071404,4344
,,,
254.0446827,299.2178639,2852.864345,4352
,,,
127.0223413,149.6089319,2772.91256,4360
,,,
63.51117067,74.80446597,2059.696474,4368
,,,
31.75558534,37.40223299,1366.468334,4376
,,,
15.87779267,18.70111649,851.5442153,4384
,,,
7.938896334,9.350558247,509.9271319,4392
,,,
3.969448167,4.675279123,297.0410781,4400
,,,
1.984724084,2.337639562,169.5592951,4408
,,,
0.992362042,1.168819781,95.29902557,4416
,,,
0.496181021,0.58440989,52.9092018,4424
,,,
-251.7519095,171.2922049,1568.084445,4432
,,,
-125.8759547,85.64610247,1554.857145,4440
,,,
-62.93797737,42.82305124,1162.836034,4448
,,,
-31.46898869,21.41152562,774.1217474,4456
,,,
-15.73449434,10.70576281,483.412739,4464
,,,
-7.867247172,5.352881405,289.8823021,4472
,,,
-3.933623586,2.676440702,169.0291174,4480
,,,
-1.966811793,1.338220351,96.55854185,4488
,,,
-0.983405896,0.669110176,54.30126251,4496
,,,
-0.491702948,0.334555088,30.16162704,4504
,,,
-0.245851474,0.167277544,16.58631142,4512
,,,
-702.1229257,-71.91636123,-638.9540953,4520
,,,
-351.0614629,-35.95818061,-643.1006732,4528
,,,
-175.5307314,-17.97909031,-483.3621494,4536
,,,
-87.76536572,-8.989545154,-322.5869811,4544
,,,
-43.88268286,-4.494772577,-201.7464437,4552
,,,
-21.94134143,-2.247386288,-121.0996985,4560
,,,
-10.97067071,-1.123693144,-70.66308753,4568
,,,
-5.485335357,-0.561846572,-40.38816291,4576
,,,
-2.742667679,-0.280923286,-22.72239103,4584
,,,
-1.371333839,-0.140461643,-12.6253503,4592
,,,
-1152.685667,-405.0702308,-3651.944753,4600
,,,
-576.3428335,-202.5351154,-3648.788415,4608
,,,
-288.1714167,-101.2675577,-2735.802227,4616
,,,
-144.0857084,-50.63377885,-1823.605123,4624
,,,
-72.04285418,-25.31688943,-1139.654566,4632
,,,
-36.02142709,-12.65844471,-683.7532856,4640
,,,
-18.01071355,-6.329222357,-398.839644,4648
,,,
-9.005356773,-3.164611178,-227.9013226,4656
,,,
-4.502678386,-1.582305589,-128.1914116,4664
,,,
-2.251339193,-0.791152795,-71.21608096,4672
,,,
-235.1256696,836.6044236,7493.831772,4680
,,,
-117.5628348,418.3022118,7511.635792,4688
,,,
-58.7814174,209.1511059,5638.177849,4696
,,,
-29.3907087,104.575553,3760.268901,4704
,,,
-14.69535435,52.28777648,2350.724439,4712
,,,
-7.347677175,26.14388824,1410.657214,4720
,,,
-3.673838587,13.07194412,822.9761039,4728
,,,
-1.836919294,6.535972059,470.3118005,4736
,,,
-0.918459647,3.26798603,264.5677745,4744
,,,
-0.459229823,1.633993015,146.9898244,4752
,,,
-324.2296149,144.8169965,1376.847881,4760
,,,
-162.1148075,72.40849825,1340.100425,4768
,,,
-81.05740373,36.20424913,995.8884545,4776
,,,
-40.52870186,18.10212456,660.8633483,4784
,,,
-20.26435093,9.051062282,411.8912347,4792
,,,
-10.13217547,4.525531141,246.6753976,4800
,,,
-5.066087733,2.26276557,143.7025889,4808
,,,
-524.5330439,19.13138279,244.0337395,4816
,,,
-262.2665219,9.565691393,208.1080923,4824
,,,
-131.133261,4.782845696,147.0996574,4832
,,,
-65.56663048,2.391422848,95.07263434,4840
,,,
-32.78331524,1.195711424,58.29771999,4848
,,,
-16.39165762,0.597855712,34.5295614,4856
,,,
-8.19582881,0.298927856,19.95513141,4864
,,,
-4.097914405,0.149463928,11.32274105,4872
,,,
-2.048957203,0.074731964,6.333958203,4880
,,,
-604.0244786,0.037365982,3.50327294,4888
,,,
-302.0122393,0.018682991,1.919783389,4896
,,,
-151.0061197,0.009341496,1.043965154,4904
,,,
-75.50305983,0.004670748,0.564019307,4912
,,,
-37.75152991,0.002335374,0.303028018,4920
,,,
-18.87576496,0.001167687,0.162023192,4928
,,,
-9.437882478,0.000583843,0.086266187,4936
,,,
-4.718941239,0.000291922,0.045760389,4944
,,,
-2.35947062,0.000145961,0.024193842,4952
,,,
-1.17973531,7.30E-05,0.012753745,4960
,,,
-441.5898677,-8.99996351,-80.99329472,4968
,,,
-220.7949338,-4.499981755,-80.99648315,4976
,,,
-110.3974669,-2.249990877,-60.74815947,4984
,,,
-55.19873346,-1.124995439,-40.49903869,4992
,,,
-27.59936673,-0.562497719,-25.31199882,5000
,,,
-13.79968336,-0.28124886,-15.18723915,5008
,,,
-6.899841682,-0.14062443,-8.859239441,5016
,,,
-3.449920841,-0.070312215,-5.062429655,5024
,,,
-1.724960421,-0.035156107,-2.847619795,5032
,,,
-0.86248021,-0.017578054,-1.582012381,5040
,,,
-0.431240105,-0.008789027,-0.870107432,5048
,,,
-18.21562005,197.9956055,1781.525396,5056
,,,
-9.107810026,98.99780274,1781.742923,5064
,,,
-4.553905013,49.49890137,1336.361574,5072
,,,
-2.276952507,24.74945069,890.925843,5080
,,,
-1.138476253,12.37472534,556.8354496,5088
,,,
-0.569238127,6.187362671,334.1039888,5096
,,,
-0.284619063,3.093681336,194.8951264,5104
,,,
-0.142309532,1.546840668,111.3691292,5112
,,,
-0.071154766,0.773420334,62.64534762,5120
,,,
575.9644226,783.3867102,7081.803065,5128
,,,
287.9822113,391.6933551,7066.141728,5136
,,,
143.9911057,195.8466775,5295.690962,5144
,,,
71.99555283,97.92333877,3529.15553,5152
,,,
35.99777641,48.96166939,2205.232789,5160
,,,
17.99888821,24.48083469,1322.943907,5168
,,,
8.999444103,12.24041735,771.6357096,5176
,,,
4.499722052,6.120208673,440.8997329,5184
,,,
2.249861026,3.060104337,247.9908055,5192
,,,
1.124930513,1.530052168,137.7658722,5200
,,,
306.5624653,450.7650261,4125.768171,5208
,,,
153.2812326,225.382513,4091.326703,5216
,,,
76.64061631,112.6912565,3059.88466,5224
,,,
38.32030816,56.34562826,2037.052984,5232
,,,
19.16015408,28.17281413,1272.081819,5240
,,,
9.580077039,14.08640707,762.8185733,5248
,,,
4.79003852,7.043203533,444.7981184,5256
,,,
2.39501926,3.521601766,254.0934751,5264
,,,
1.19750963,1.760800883,142.8939455,5272
,,,
0.598754815,0.880400442,79.37057673,5280
,,,
-89.70062259,216.4402002,1987.64709,5288
,,,
-44.8503113,108.2201001,1967.804446,5296
,,,
-22.42515565,54.11005006,1470.892674,5304
,,,
-11.21257782,27.05502503,978.941562,5312
,,,
-5.606288912,13.52751251,611.2183936,5320
,,,
-2.803144456,6.763756257,366.4830031,5328
,,,
-1.401572228,3.381878128,213.6784047,5336
,,,
-0.700786114,1.690939064,122.0576539,5344
,,,
-0.350393057,0.845469532,68.63805276,5352
,,,
-0.175196529,0.422734766,38.12363927,5360
,,,
-414.0875983,-26.78863262,-222.0358739,5368
,,,
-207.0437991,-13.39431631,-231.5667837,5376
,,,
-103.5218996,-6.697158154,-176.0578153,5384
,,,
-51.76094978,-3.348579077,-118.1661193,5392
,,,
-25.88047489,-1.674289539,-74.15166551,5400
,,,
-12.94023745,-0.837144769,-44.61013568,5408
,,,
-6.470118723,-0.418572385,-26.0722193,5416
,,,
-3.235059361,-0.209286192,-14.91968538,5424
,,,
-1.617529681,-0.104643096,-8.401630556,5432
,,,
-0.80876484,-0.052321548,-4.671709211,5440
,,,
-1089.404382,-36.02616077,-326.5713016,5448
,,,
-544.7021912,-18.01308039,-325.4033743,5456
,,,
-272.3510956,-9.006540194,-243.7605489,5464
,,,
-136.1755478,-4.503270097,-162.4097053,5472
,,,
-68.0877739,-2.251635048,-101.4695681,5480
,,,
-34.04388695,-1.125817524,-60.86714176,5488
,,,
-17.02194348,-0.562908762,-35.49974974,5496
,,,
-8.510971738,-0.281454381,-20.2829643,5504
,,,
-4.255485869,-0.140727191,-11.40802686,5512
,,,
-2.127742934,-0.070363595,-6.33728579,5520
,,,
-1099.063871,89.9648182,806.5147209,5528
,,,
-549.5319357,44.9824091,808.0990424,5536
,,,
-274.7659679,22.49120455,606.4703621,5544
,,,
-137.3829839,11.24560228,404.4456015,5552
,,,
-68.69149197,5.622801138,252.828011,5560
,,,
-34.34574598,2.811400569,151.7166106,5568
,,,
-17.17287299,1.405700284,88.50960787,5576
,,,
-8.586436496,0.702850142,50.58045522,5584
,,,
-4.293218248,0.351425071,28.45305325,5592
,,,
-236.1466091,405.1757125,3660.807939,5600
,,,
-118.0733046,202.5878563,3653.694676,5608
,,,
-59.03665228,101.2939281,2738.492691,5616
,,,
-29.51832614,50.64696407,1825.069022,5624
,,,
-14.75916307,25.32348203,1140.445849,5632
,,,
-7.379581535,12.66174102,684.1785939,5640
,,,
-3.689790768,6.330870508,399.0671315,5648
,,,
-388.8448954,-158.8345647,-1229.977517,5656
,,,
-194.4224477,-79.41728237,-1329.7443,5664
,,,
-97.21122385,-39.70864119,-1022.249921,5672
,,,
-48.60561192,-19.85432059,-689.8138456,5680
,,,
-24.30280596,-9.927160297,-434.2513655,5688
,,,
-12.15140298,-4.963580148,-261.7979041,5696
,,,
-6.07570149,-2.481790074,-153.2350627,5704
,,,
-498.0378507,-244.240895,-2274.785587,5712
,,,
-249.0189254,-122.1204475,-2236.476821,5720
,,,
-124.5094627,-61.06022376,-1667.780424,5728
,,,
-62.25473134,-30.53011188,-1108.661219,5736
,,,
-31.12736567,-15.26505594,-691.716113,5744
,,,
-15.56368284,-7.63252797,-414.5508082,5752
,,,
-7.781841418,-3.816263985,-241.62178,5760
,,,
-3.890920709,-1.908131992,-137.9840779,5768
,,,
-451.9454604,-90.954066,-887.5786329,5776
,,,
-225.9727302,-45.477033,-853.0826134,5784
,,,
-112.9863651,-22.7385165,-631.1879552,5792
,,,
-56.49318254,-11.36925825,-417.9173019,5800
,,,
-28.24659127,-5.684629125,-260.120313,5808
,,,
-14.12329564,-2.842314562,-155.6409876,5816
,,,
-7.061647818,-1.421157281,-90.61090932,5824
,,,
-138.5308239,206.2894214,1811.299338,5832
,,,
-69.26541195,103.1447107,1833.952065,5840
,,,
-34.63270598,51.57235534,1381.127231,5848
,,,
-17.31635299,25.78617767,922.6392143,5856
,,,
-8.658176494,12.89308884,577.3574067,5864
,,,
-4.329088247,6.446544417,346.6976031,5872
,,,
-2.164544124,3.223272209,202.3582514,5880
,,,
-1.082272062,1.611636104,115.6838507,5888
,,,
179.458864,540.8058181,4925.094288,5896
,,,
89.72943198,270.402909,4896.173325,5904
,,,
44.86471599,135.2014545,3664.899753,5912
,,,
22.432358,67.60072726,2440.856422,5920
,,,
11.216179,33.80036363,1524.631484,5928
,,,
5.608089499,16.90018181,914.4173781,5936
,,,
2.80404475,8.450090907,533.2595072,5944
,,,
415.4020224,931.2250455,8647.655163,5952
,,,
207.7010112,465.6125227,8514.340286,5960
,,,
103.8505056,232.8062614,6352.426495,5968
,,,
51.9252528,116.4031307,4223.841424,5976
,,,
25.9626264,58.20156534,2635.7348,5984
,,,
12.9813132,29.10078267,1579.774444,5992
,,,
6.4906566,14.55039134,920.840744,6000
,,,
3.2453283,7.275195668,525.897133,6008
,,,
271.6226642,606.6375978,5722.686947,6016
,,,
135.8113321,303.3187989,5591.212664,6024
,,,
67.90566604,151.6593995,4160.540927,6032
,,,
33.95283302,75.82969973,2762.737761,6040
,,,
16.97641651,37.91484986,1722.602529,6048
,,,
8.488208255,18.95742493,1031.918089,6056
,,,
4.244104127,9.478712466,601.2674567,6064
,,,
-42.87794794,337.7393562,3340.287934,6072
,,,
-21.43897397,168.8696781,3189.97107,6080
,,,
-10.71948698,84.43483906,2354.899087,6088
,,,
-5.359743492,42.21741953,1557.406319,6096
,,,
-2.679871746,21.10870976,968.6815474,6104
,,,
-1.339935873,10.55435488,579.3299677,6112
,,,
-0.669967937,5.277177441,337.1595808,6120
,,,
-351.334984,-6.361411279,111.3270889,6128
,,,
-175.667492,-3.18070564,27.03719368,6136
,,,
-87.83374599,-1.59035282,-0.794578536,6144
,,,
-43.916873,-0.79517641,-7.553876958,6152
,,,
-21.9584365,-0.397588205,-7.355232323,6160
,,,
-10.97921825,-0.198794102,-5.466763084,6168
,,,
-5.489609125,-0.099397051,-3.627955003,6176
,,,
-830.7448046,-324.0496985,-2918.261264,6184
,,,
-415.3724023,-162.0248493,-2917.354275,6192
,,,
-207.6862011,-81.01242463,-2187.788959,6200
,,,
-103.8431006,-40.50621232,-1458.450391,6208
,,,
-51.92155029,-20.25310616,-911.5031507,6216
,,,
-25.96077514,-10.12655308,-546.8905531,6224
,,,
-12.98038757,-5.063276539,-319.0147654,6232
,,,
-1077.490194,33.46836173,141.7078729,6240
,,,
-538.7450969,16.73418087,221.4615642,6248
,,,
-269.3725484,8.367090433,186.034596,6256
,,,
-134.6862742,4.183545216,130.669205,6264
,,,
-67.34313711,2.091772608,84.16055595,6272
,,,
-33.67156856,1.045886304,51.49325471,6280
,,,
-565.8357843,477.5229432,4323.453116,6288
,,,
-282.9178921,238.7614716,4310.579802,6296
,,,
-141.4589461,119.3807358,3229.716523,6304
,,,
-70.72947303,59.69036789,2152.071573,6312
,,,
-35.36473652,29.84518395,1344.642442,6320
,,,
-17.68236826,14.92259197,806.6245487,6328
,,,
-8.841184129,7.461295987,470.4639382,6336
,,,
-4.420592065,3.730647993,268.807801,6344
,,,
-182.210296,-106.134676,-820.8081835,6352
,,,
-91.10514802,-53.067338,-888.0101338,6360
,,,
-45.55257401,-26.533669,-682.8080879,6368
,,,
-22.776287,-13.2668345,-460.8055544,6376
,,,
-11.3881435,-6.63341725,-290.1035325,6384
,,,
-5.694071751,-3.316708625,-174.9021439,6392
,,,
-2.847035876,-1.658354313,-102.3762607,6400
,,,
-1.423517938,-0.829177156,-58.65072478,6408
,,,
-0.711758969,-0.414588578,-33.05665959,6416
,,,
-0.355879484,-0.207294289,-18.3939784,6424
,,,
-468.1779397,-261.1036471,-2359.129814,6432
,,,
-234.0889699,-130.5518236,-2354.531319,6440
,,,
-117.0444849,-65.27591179,-1764.748866,6448
,,,
-58.52224247,-32.63795589,-1176.116036,6456
,,,
-29.26112123,-16.31897795,-734.9288194,6464
,,,
-14.63056062,-8.159488973,-440.8998105,6472
,,,
-7.315280308,-4.079744487,-257.1676056,6480
,,,
-3.657640154,-2.039872243,-146.942653,6488
,,,
-1.828820077,-1.019936122,-82.65075159,6496
,,,
-0.914410039,-0.509968061,-45.91508834,6504
,,,
-441.457205,-27.25498403,-268.2524004,6512
,,,
-220.7286025,-13.62749202,-256.7736284,6520
,,,
-110.3643013,-6.813746008,-189.7105282,6528
,,,
-55.18215063,-3.406873004,-125.5171212,6536
,,,
-27.59107531,-1.703436502,-78.0894891,6544
,,,
-13.79553766,-0.851718251,-46.71020881,6552
,,,
-6.897768828,-0.425859125,-27.18783653,6560
,,,
-3.448884414,-0.212929563,-15.51028433,6568
,,,
-1.724442207,-0.106464781,-8.713325198,6576
,,,
-324.8622211,269.9467676,2425.164246,6584
,,,
-162.4311106,134.9733838,2427.342577,6592
,,,
-81.21555528,67.4866919,1821.051516,6600
,,,
-40.60777764,33.74334595,1214.215871,6608
,,,
-20.30388882,16.87167298,758.9529925,6616
,,,
-10.15194441,8.435836488,455.3990246,6624
,,,
-5.075972205,4.217918244,265.6607765,6632
,,,
-2.537986102,2.108959122,151.8110204,6640
,,,
-1.268993051,1.054479561,85.39582623,6648
,,,
-0.634496526,0.52723978,47.44307114,6656
,,,
233.6827517,747.2636199,6749.094115,6664
,,,
116.8413759,373.6318099,6737.233347,6672
,,,
58.42068793,186.815905,5049.959818,6680
,,,
29.21034397,93.40795249,3365.651481,6688
,,,
14.60517198,46.70397624,2103.161527,6696
,,,
7.302585992,23.35198812,1261.748657,6704
,,,
3.651292996,11.67599406,735.9582748,6712
,,,
1.825646498,5.83799703,420.5211107,6720
,,,
0.912823249,2.918998515,236.531542,6728
,,,
0.456411624,1.459499258,131.4012643,6736
,,,
0.228205812,0.729749629,72.26837881,6744
,,,
306.1141029,864.3648748,7815.418063,6752
,,,
153.0570515,432.1824374,7797.350968,6760
,,,
76.52852573,216.0912187,5843.496452,6768
,,,
38.26426286,108.0456094,3894.15871,6776
,,,
19.13213143,54.02280468,2433.284597,6784
,,,
9.566065716,27.01140234,1459.74492,6792
,,,
4.783032858,13.50570117,851.4237704,6800
,,,
2.391516429,6.752850584,486.4875404,6808
,,,
1.195758214,3.376425292,273.6315978,6816
,,,
0.597879107,1.688212646,152.0097127,6824
,,,
0.298939554,0.844106323,83.60181328,6832
,,,
171.1494698,612.4220532,5553.599385,6840
,,,
85.57473489,306.2110266,5532.698932,6848
,,,
42.78736744,153.1055133,4144.299086,6856
,,,
21.39368372,76.55275665,2761.124353,6864
,,,
10.69684186,38.27637832,1725.049581,6872
,,,
5.348420931,19.13818916,1034.768493,6880
,,,
2.674210465,9.569094581,603.5060977,6888
,,,
1.337105233,4.78454729,344.8139745,6896
,,,
0.668552616,2.392273645,193.9374501,6904
,,,
0.334276308,1.196136823,107.7339564,6912
,,,
-116.8328618,324.5980684,2975.249594,6920
,,,
-58.41643092,162.2990342,2948.316105,6928
,,,
-29.20821546,81.1495171,2204.503706,6936
,,,
-14.60410773,40.57475855,1467.42468,6944
,,,
-7.302053865,20.28737928,916.2987535,6952
,,,
-3.651026933,10.14368964,549.4425835,6960
,,,
-1.825513466,5.071844819,320.3678951,6968
,,,
-0.912756733,2.535922409,183.0072492,6976
,,,
-0.456378367,1.267961205,102.9152755,6984
,,,
-441.2281892,-53.3660194,-428.8365368,6992
,,,
-220.6140946,-26.6830097,-454.5653557,7000
,,,
-110.3070473,-13.34150485,-347.3562215,7008
,,,
-55.15352365,-6.670752425,-233.7148826,7016
,,,
-27.57676182,-3.335376212,-146.8758272,7024
,,,
-13.78838091,-1.667688106,-88.44710655,7032
,,,
-6.894190456,-0.833844053,-51.72814976,7040
,,,
-3.447095228,-0.416922027,-29.61637312,7048
,,,
-883.7235476,-729.208461,-6577.684336,7056
,,,
-441.8617738,-364.6042305,-6570.280242,7064
,,,
-220.9308869,-182.3021153,-4925.859158,7072
,,,
-110.4654435,-91.15105763,-3283.289098,7080
,,,
-55.23272173,-45.57552881,-2051.824308,7088
,,,
-27.61636086,-22.78776441,-1231.002034,7096
,,,
-13.80818043,-11.3938822,-718.0459567,7104
,,,
-6.904090216,-5.696941102,-410.2954483,7112
,,,
-939.4520451,1041.151529,9165.216041,7120
,,,
-469.7260226,520.5757647,9267.789903,7128
,,,
-234.8630113,260.2878824,6976.485893,7136
,,,
-117.4315056,130.1439412,4659.538417,7144
,,,
-58.71575282,65.07197059,2915.416944,7152
,,,
-29.35787641,32.5359853,1750.53234,7160
,,,
-14.6789382,16.26799265,1021.678104,7168
,,,
-7.339469102,8.133996324,584.0450187,7176
,,,
-3.669734551,4.066998162,328.6254928,7184
,,,
-820.8348673,947.0334991,8687.614238,7192
,,,
-410.4174336,473.5167495,8605.457865,7200
,,,
-205.2087168,236.7583748,6433.554305,7208
,,,
-102.6043584,118.3791874,4282.189839,7216
,,,
-51.3021792,59.18959369,2673.801263,7224
,,,
-25.6510896,29.59479685,1603.253803,7232
,,,
-12.8255448,14.79739842,934.8034873,7240
,,,
-6.412772401,7.398699212,533.9900366,7248
,,,
-3.2063862,3.699349606,300.2891647,7256
,,,
-1.6031931,1.849674803,166.7916556,7264
,,,
-486.8015966,315.9248374,2926.719364,7272
,,,
-243.4007983,157.9624187,2885.021451,7280
,,,
-121.7003991,78.98120935,2153.341609,7288
,,,
-60.85019957,39.49060468,1432.086247,7296
,,,
-30.42509978,19.74530234,893.7508444,7304
,,,
-15.21254989,9.872651169,535.7292827,7312
,,,
-7.606274946,4.936325584,312.2915716,7320
,,,
-3.803137473,2.468162792,178.3592509,7328
,,,
-1.901568737,1.234081396,100.286358,7336
,,,
-0.950784368,0.617040698,55.6965453,7344
,,,
-801.4753922,126.3085203,1164.624956,7352
,,,
-400.7376961,63.15426017,1150.700819,7360
,,,
-200.368848,31.57713009,859.5445805,7368
,,,
-100.184424,15.78856504,571.8693757,7376
,,,
-50.09221201,7.894282522,356.9832305,7384
,,,
-25.04610601,3.947141261,214.0158866,7392
,,,
-12.523053,1.97357063,124.770079,7400
,,,
-6.261526501,0.986785315,71.26610733,7408
,,,
-3.130763251,0.493392658,40.07358758,7416
,,,
-883.5653816,207.2466963,1885.257061,7424
,,,
-441.7826908,103.6233482,1875.238664,7432
,,,
-220.8913454,51.81167408,1403.924399,7440
,,,
-110.4456727,25.90583704,935.1147327,7448
,,,
-55.22283635,12.95291852,584.133633,7456
,,,
-27.61141818,6.47645926,350.3549499,7464
,,,
-13.80570909,3.23822963,204.3215416,7472
,,,
-6.902854544,1.619114815,116.7328041,7480
,,,
-3.451427272,0.809557408,65.65241874,7488
,,,
-1.725713636,0.404778704,36.4692177,7496
,,,
-612.8628568,504.2023894,4556.056113,7504
,,,
-306.4314284,252.1011947,4546.938809,7512
,,,
-153.2157142,126.0505973,3407.92478,7520
,,,
-76.6078571,63.02529867,2271.190078,7528
,,,
-38.30392855,31.51264933,1419.208883,7536
,,,
-19.15196428,15.75632467,851.4113636,7544
,,,
-9.575982138,7.878162334,496.6091428,7552
,,,
-4.787991069,3.939081167,283.7563019,7560
,,,
-2.393995534,1.969540583,159.6040162,7568
,,,
-1.196997767,0.984770292,88.66494072,7576
,,,
-153.5984989,1143.492385,10335.76394,7584
,,,
-76.79924944,571.7461926,10313.5977,7592
,,,
-38.39962472,285.8730963,7729.656717,7600
,,,
-19.19981236,142.9365481,5151.257292,7608
,,,
-9.59990618,71.46827407,3218.843113,7616
,,,
-4.79995309,35.73413704,1931.02879,7624
,,,
-2.399976545,17.86706852,1126.318011,7632
,,,
-1.199988273,8.933534259,643.5608141,7640
,,,
-0.599994136,4.466767129,361.9813112,7648
,,,
-0.299997068,2.233383565,201.0911077,7656
,,,
-0.149998534,1.116691782,110.5957799,7664
,,,
-18.07499927,1062.558346,9618.323003,7672
,,,
-9.037499634,531.2791729,9590.674058,7680
,,,
-4.518749817,265.6395865,7186.093307,7688
,,,
-2.259374908,132.8197932,4788.424793,7696
,,,
-1.129687454,66.40989662,2991.901466,7704
,,,
-0.564843727,33.20494831,1794.795268,7712
,,,
-0.282421864,16.60247415,1046.819901,7720
,,,
-0.141210932,8.301237077,598.1210843,7728
,,,
-0.070605466,4.150618539,336.416109,7736
,,,
-0.035302733,2.075309269,186.8858379,7744
,,,
-126.0176514,397.0376546,3666.781811,7752
,,,
-63.00882568,198.5188273,3620.060351,7760
,,,
-31.50441284,99.25941366,2703.364899,7768
,,,
-15.75220642,49.62970683,1798.349811,7776
,,,
-7.87610321,24.81485341,1122.508586,7784
,,,
-3.938051605,12.40742671,672.9211334,7792
,,,
-1.969025803,6.203713354,392.2939869,7800
,,,
-0.984512901,3.101856677,224.0637035,7808
,,,
-0.492256451,1.550928338,125.9902068,7816
,,,
-450.2461282,99.77546417,960.9742809,7824
,,,
-225.1230641,49.88773208,929.4767292,7832
,,,
-112.5615321,24.94386604,689.233159,7840
,,,
-56.28076603,12.47193302,456.8639767,7848
,,,
-28.14038301,6.235966511,284.5556869,7856
,,,
-14.07019151,3.117983255,170.3396928,7864
,,,
-7.035095754,1.558991628,99.20077103,7872
,,,
-3.517547877,0.779495814,56.61584784,7880
,,,
-928.7587739,-377.6102521,-3370.184345,7888
,,,
-464.379387,-188.805126,-3384.338307,7896
,,,
-232.1896935,-94.40256302,-2541.792221,7904
,,,
-116.0948467,-47.20128151,-1695.707644,7912
,,,
-58.04742337,-23.60064076,-1060.259589,7920
,,,
-29.02371169,-11.80032038,-636.3326778,7928
,,,
-14.51185584,-5.900160189,-371.2677806,7936
,,,
-7.255927921,-2.950080094,-212.1846111,7944
,,,
-1155.627964,655.52496,5793.632334,7952
,,,
-577.813982,327.76248,5846.678487,7960
,,,
-288.906991,163.88124,4398.270403,7968
,,,
-144.4534955,81.94061999,2936.600782,7976
,,,
-72.22674775,40.97031,1837.033181,7984
,,,
-36.11337387,20.485155,1102.882985,7992
,,,
-18.05668694,10.2425775,643.6246902,8000
,,,
-9.028343468,5.12128875,367.9039438,8008
,,,
-4.514171734,2.560644375,206.9977713,8016
,,,
-2.257085867,1.280322187,115.0217853,8024
,,,
-244.1285429,252.6401611,2331.272343,8032
,,,
-122.0642715,126.3200805,2302.516896,8040
,,,
-61.03213573,63.16004027,1719.698811,8048
,,,
-30.51606787,31.58002014,1144.069587,8056
,,,
-15.25803393,15.79001007,714.1448839,8064
,,,
-7.629016967,7.895005034,428.1274872,8072
,,,
-3.814508483,3.947502517,249.5912663,8080
,,,
-1.907254242,1.973751259,142.5593945,8088
,,,
-189.9536271,-224.0131244,-1944.838422,8096
,,,
-94.97681356,-112.0065622,-1980.478271,8104
,,,
-47.48840678,-56.00328109,-1494.268665,8112
,,,
-23.74420339,-28.00164055,-999.1490975,8120
,,,
-11.8721017,-14.00082027,-625.5819312,8128
,,,
-5.936050848,-7.000410137,-375.7946568,8136
,,,
-2.968025424,-3.500205068,-219.399174,8144
,,,
-1.484012712,-1.750102534,-125.4505098,8152
,,,
-0.742006356,-0.875051267,-70.60071632,8160
,,,
-531.3710032,-333.4375256,-3036.238089,8168
,,,
-265.6855016,-166.7187628,-3018.58791,8176
,,,
-132.8427508,-83.35938141,-2259.528388,8184
,,,
-66.4213754,-41.6796907,-1504.88141,8192
,,,
-33.2106877,-20.83984535,-939.9993132,8200
,,,
-16.60534385,-10.41992268,-563.7789607,8208
,,,
-8.302671925,-5.209961338,-328.7791324,8216
,,,
-589.151336,6.395019331,-106.8343922,8224
,,,
-294.575668,3.197509665,-24.63960912,8232
,,,
-147.287834,1.598754833,2.068988935,8240
,,,
-73.643917,0.799377416,8.228891215,8248
,,,
-36.8219585,0.399688708,7.711643981,8256
,,,
-18.41097925,0.199844354,5.654421177,8264
,,,
-9.205489624,0.099922177,3.726510182,8272
,,,
-4.602744812,0.049961089,2.312904888,8280
,,,
-317.3013724,333.0249805,2998.381277,8288
,,,
-158.6506862,166.5124903,2997.803051,8296
,,,
-79.3253431,83.25624514,2248.207732,8304
,,,
-39.66267155,41.62812257,1498.756969,8312
,,,
-19.83133578,20.81406128,936.7050361,8320
,,,
-9.915667888,10.40703064,562.0157938,8328
,,,
-4.957833944,5.203515321,327.8395348,8336
,,,
-2.478916972,2.601757661,187.3355863,8344
,,,
79.76054151,685.3008788,6261.375703,8352
,,,
39.88027076,342.6504394,6214.541806,8360
,,,
19.94013538,171.3252197,4649.19788,8368
,,,
9.970067689,85.66260985,3095.562429,8376
,,,
4.985033845,42.83130493,1933.262959,8384
,,,
2.492516922,21.41565246,1159.372352,8392
,,,
1.246258461,10.70782623,676.0566119,8400
,,,
0.623129231,5.353913116,386.213524,8408
,,,
225.3115646,1001.676957,9208.199371,8416
,,,
112.6557823,500.8384783,9111.64599,8424
,,,
56.32789115,250.4192391,6809.596147,8432
,,,
28.16394558,125.2096196,4531.68465,8440
,,,
14.08197279,62.60480978,2829.285613,8448
,,,
7.040986394,31.30240489,1696.364451,8456
,,,
3.520493197,15.65120245,989.0430473,8464
,,,
1.760246599,7.825601223,564.9519346,8472
,,,
0.880123299,3.912800612,317.6911728,8480
,,,
0.44006165,1.956400306,176.4531892,8488
,,,
198.2200308,639.9782002,5848.030396,8496
,,,
99.11001541,319.9891001,5803.917099,8504
,,,
49.55500771,159.99455,4341.9095,8512
,,,
24.77750385,79.99727502,2890.930225,8520
,,,
12.38875193,39.99863751,1805.45285,8528
,,,
6.194375963,19.99931875,1082.720294,8536
,,,
3.097187982,9.999659377,631.3570813,8544
,,,
1.548593991,4.999829689,360.6770079,8552
,,,
0.774296995,2.499914844,202.8377375,8560
,,,
-53.6128515,379.2499574,3514.668486,8568
,,,
-26.80642575,189.6249787,3463.959051,8576
,,,
-13.40321288,94.81248936,2585.29193,8584
,,,
-6.701606438,47.40624468,1719.302167,8592
,,,
-3.350803219,23.70312234,1072.979185,8600
,,,
-1.675401609,11.85156117,643.1536428,8608
,,,
-0.837700805,5.925780585,374.9088467,8616
,,,
-0.418850402,2.962890292,214.120436,8624
,,,
-0.209425201,1.481445146,120.3932243,8632
,,,
-495.1047126,99.74072257,957.8631153,8640
,,,
-247.5523563,49.87036129,927.7648092,8648
,,,
-123.7761782,24.93518064,688.2990304,8656
,,,
-61.88808908,12.46759032,456.3578281,8664
,,,
-30.94404454,6.233795161,284.2830705,8672
,,,
-15.47202227,3.11689758,170.1936135,8680
,,,
-7.736011134,1.55844879,99.12284585,8688
,,,
-3.868005567,0.779224395,56.57444248,8696
,,,
-1.934002784,0.389612198,31.79373102,8704
,,,
-0.967001392,0.194806099,17.6501204,8712
,,,
-0.483500696,0.097403049,9.701687643,8720
,,,
-1071.24175,-710.9512985,-6393.710842,8728
,,,
-535.6208752,-355.4756492,-6396.136264,8736
,,,
-267.8104376,-177.7378246,-4797.708554,8744
,,,
-133.9052188,-88.86891231,-3198.674488,8752
,,,
-66.9526094,-44.43445615,-1999.247349,8760
,,,
-33.4763047,-22.21722808,-1199.578727,8768
,,,
-16.73815235,-11.10861404,-699.76689,8776
,,,
-8.369076175,-5.554307019,-399.8722082,8784
,,,
-4.184538087,-2.77715351,-224.9304857,8792
,,,
-2.092269044,-1.388576755,-124.9624336,8800
,,,
-1.046134522,-0.694288377,-68.72981221,8808
,,,
-1152.523067,1142.652856,10249.5108,8816
,,,
-576.2615336,571.3264279,10266.69325,8824
,,,
-288.1307668,285.663214,7704.31555,8832
,,,
-144.0653834,142.831607,5137.642238,8840
,,,
-72.0326917,71.41580349,3211.56335,8848
,,,
-36.01634585,35.70790174,1927.152791,8856
,,,
-18.00817293,17.85395087,1124.261953,8864
,,,
-9.004086463,8.926975436,642.4737556,8872
,,,
-4.502043231,4.463487718,361.4082672,8880
,,,
-2.251021616,2.231743859,200.7898284,8888
,,,
-280.1255108,451.1158719,4160.437762,8896
,,,
-140.0627554,225.557936,4110.240304,8904
,,,
-70.0313777,112.778968,3070.130864,8912
,,,
-35.01568885,56.38948399,2042.570788,8920
,,,
-17.50784443,28.194742,1275.038072,8928
,,,
-8.753922213,14.097371,764.3953749,8936
,,,
-4.376961106,7.048685499,445.635857,8944
,,,
-2.188480553,3.524342749,254.5370132,8952
,,,
-1.094240277,1.762171375,143.128049,8960
,,,
-0.547120138,0.881085687,79.49379568,8968
,,,
-450.2735601,-53.55945716,-442.2882166,8976
,,,
-225.13678,-26.77972858,-462.1616655,8984
,,,
-112.56839,-13.38986429,-351.5896113,8992
,,,
-56.28419501,-6.694932145,-236.049195,9000
,,,
-28.1420975,-3.347466072,-148.1517921,9008
,,,
-14.07104875,-1.673733036,-89.13949339,9016
,,,
-7.035524376,-0.836866518,-52.10154536,9024
,,,
-3.517762188,-0.418433259,-29.81667201,9032
,,,
-1.758881094,-0.20921663,-16.79128567,9040
,,,
-0.879440547,-0.104608315,-9.337117668,9048
,,,
-630.4397203,-99.05230416,-896.1392963,9056
,,,
-315.2198601,-49.52615208,-893.8050168,9064
,,,
-157.6099301,-24.76307604,-669.7701928,9072
,,,
-78.80496503,-12.38153802,-446.3189386,9080
,,,
-39.40248252,-6.19076901,-278.8763904,9088
,,,
-19.70124126,-3.095384505,-167.2966557,9096
,,,
-9.850620629,-1.547692252,-97.57755814,9104
,,,
-4.925310315,-0.773846126,-55.7533942,9112
,,,
-2.462655157,-0.386923063,-31.35900467,9120
,,,
-568.2313276,8.806538468,63.57934388,9128
,,,
-284.1156638,4.403269234,71.41909505,9136
,,,
-142.0578319,2.201634617,55.52425908,9144
,,,
-71.02891595,1.100817309,37.66948532,9152
,,,
-35.51445797,0.550408654,23.78842055,9160
,,,
-17.75722899,0.275204327,14.37104922,9168
,,,
-8.878614493,0.137602164,8.423944081,9176
,,,
-4.439307247,0.068801082,4.831181777,9184
,,,
-2.219653623,0.034400541,2.725195756,9192
,,,
-1.109826812,0.01720027,1.517400312,9200
,,,
-270.5549134,351.0086001,3159.836101,9208
,,,
-135.2774567,175.5043001,3159.456751,9216
,,,
-67.63872835,87.75215003,2369.497726,9224
,,,
-33.81936418,43.87607502,1579.633538,9232
,,,
-16.90968209,21.93803751,987.2591066,9240
,,,
-8.454841044,10.96901875,592.3507221,9248
,,,
-4.227420522,5.484509377,345.5359454,9256
,,,
-2.113710261,2.742254689,197.4482649,9264
,,,
151.9431449,649.3711273,5943.064279,9272
,,,
75.97157243,324.6855637,5893.702212,9280
,,,
37.98578622,162.3427818,4407.936143,9288
,,,
18.99289311,81.17139092,2934.51059,9296
,,,
9.496446554,40.58569546,1832.526554,9304
,,,
4.748223277,20.29284773,1098.898907,9312
,,,
2.374111639,10.14642386,640.767268,9320
,,,
1.187055819,5.073211932,366.0425414,9328
,,,
0.59352791,2.536605966,205.8507244,9336
,,,
297.296764,883.268303,8052.340089,9344
,,,
148.648382,441.6341515,8000.877408,9352
,,,
74.32419099,220.8170757,5987.792386,9360
,,,
37.16209549,110.4085379,3987.573034,9368
,,,
18.58104775,55.20426894,2490.624937,9376
,,,
9.290523874,27.60213447,1493.731679,9384
,,,
4.645261937,13.80106723,871.0754445,9392
,,,
2.322630968,6.900533617,497.6425248,9400
,,,
1.161315484,3.450266809,279.8736637,9408
,,,
279.5806577,640.7251334,5906.463032,9416
,,,
139.7903289,320.3625667,5836.494617,9424
,,,
69.89516444,160.1812834,4359.878858,9432
,,,
34.94758222,80.09064168,2900.755204,9440
,,,
17.47379111,40.04532084,1810.78549,9448
,,,
8.736895554,20.02266042,1085.596689,9456
,,,
4.368447777,10.01133021,632.9003162,9464
,,,
2.184223889,5.005665105,361.501144,9472
,,,
100.0921119,425.5028326,4010.276065,9480
,,,
50.04605597,212.7514163,3919.900779,9488
,,,
25.02302799,106.3757081,2917.331763,9496
,,,
12.51151399,53.18785407,1937.356568,9504
,,,
6.255756997,26.59392703,1208.023627,9512
,,,
3.127878498,13.29696352,723.6844853,9520
,,,
1.563939249,6.648481759,421.6785785,9528
,,,
0.781969625,3.324240879,240.7574572,9536
,,,
0.390984812,1.66212044,135.3378125,9544
,,,
-197.8045076,198.8310602,1857.148448,9552
,,,
-98.9022538,99.41553011,1823.313995,9560
,,,
-49.4511269,49.70776506,1359.026883,9568
,,,
-24.72556345,24.85388253,903.1983843,9576
,,,
-12.36278172,12.42694126,563.4416635,9584
,,,
-6.181390862,6.213470632,337.6420674,9592
,,,
-3.090695431,3.106735316,196.7816516,9600
,,,
-1.545347716,1.553367658,112.3711347,9608
,,,
-0.772673858,0.776683829,63.17572181,9616
,,,
-639.3863369,-584.6116581,-5229.917062,9624
,,,
-319.6931685,-292.305829,-5245.710992,9632
,,,
-159.8465842,-146.1529145,-3938.231727,9640
,,,
-79.92329212,-73.07645726,-2626.803979,9648
,,,
-39.96164606,-36.53822863,-1642.246047,9656
,,,
-19.98082303,-18.26911432,-985.5450524,9664
,,,
-9.990411515,-9.134557158,-574.9835406,9672
,,,
-4.995205757,-4.567278579,-328.5972775,9680
,,,
-2.497602879,-2.283639289,-184.8513924,9688
,,,
-1153.248801,1141.85818,10184.29793,9696
,,,
-576.6244007,570.9290902,10230.51078,9704
,,,
-288.3122004,285.4645451,7684.436293,9712
,,,
-144.1561002,142.7322725,5126.8086,9720
,,,
-72.07805009,71.36613627,3205.699526,9728
,,,
-36.03902505,35.68306814,1923.997376,9736
,,,
-18.01951252,17.84153407,1122.572495,9744
,,,
-9.009756261,8.920767034,641.5731507,9752
,,,
-4.504878131,4.460383517,360.930027,9760
,,,
-2.252439065,2.230191759,200.5367393,9768
,,,
-820.1262195,370.1150959,3431.304233,9776
,,,
-410.0631098,185.0575479,3381.170048,9784
,,,
-205.0315549,92.52877397,2523.34399,9792
,,,
-102.5157774,46.26438698,1678.051478,9800
,,,
-51.25788872,23.13219349,1047.21548,9808
,,,
-25.62894436,11.56609675,627.7026108,9816
,,,
-12.81447218,5.783048373,365.8987408,9824
,,,
-6.40723609,2.891524187,208.9730881,9832
,,,
-3.203618045,1.445762093,117.4984029,9840
,,,
-1.601809023,0.722881047,65.25513086,9848
,,,
-270.8009045,-80.63855948,-693.1194699,9856
,,,
-135.4004523,-40.31927974,-709.4332526,9864
,,,
-67.70022613,-20.15963987,-536.1533851,9872
,,,
-33.85011306,-10.07981993,-358.795072,9880
,,,
-16.92505653,-5.039909967,-224.7567257,9888
,,,
-8.462528266,-2.519954984,-135.0579577,9896
,,,
-4.231264133,-1.259977492,-78.86877628,9904
,,,
-2.115632066,-0.629988746,-45.10428685,9912
,,,
-1.057816033,-0.314994373,-25.38709278,9920
,,,
-0.528908017,-0.157497186,-14.11102107,9928
,,,
-540.264454,-63.07874859,-574.7642479,9936
,,,
-270.132227,-31.5393743,-571.2364926,9944
,,,
-135.0661135,-15.76968715,-427.5454306,9952
,,,
-67.53305675,-7.884843574,-284.7363075,9960
,,,
-33.76652838,-3.942421787,-177.8499498,9968
,,,
-16.88326419,-1.971210894,-106.665873,9976
,,,
-8.441632094,-0.985605447,-62.2033855,9984
,,,
-4.220816047,-0.492802723,-35.53691726,9992
,,,
-2.110408023,-0.246401362,-19.98607089,10000
,,,
-460.055204,242.8767993,2175.898158,10008
,,,
-230.027602,121.4383997,2180.894676,10016
,,,
-115.013801,60.71919983,1636.920137,10024
,,,
-57.5069005,30.35959991,1091.696468,10032
,,,
-28.75345025,15.17979996,682.4664334,10040
,,,
-14.37672513,7.589899979,409.5423165,10048
,,,
-7.188362563,3.794949989,238.9257082,10056
,,,
-3.594181281,1.897474995,136.540129,10064
,,,
-1.797090641,0.948737497,76.80870199,10072
,,,
116.1014547,657.4743687,5955.67367,10080
,,,
58.05072734,328.7371844,5936.471494,10088
,,,
29.02536367,164.3685922,4447.553077,10096
,,,
14.51268184,82.18429609,2963.435203,10104
,,,
7.256340917,41.09214805,1851.546934,10112
,,,
3.628170459,20.54607402,1110.688133,10120
,,,
1.814085229,10.27303701,647.8013997,10128
,,,
396.9070426,698.1365185,6607.129366,10136
,,,
198.4535213,349.0682593,6445.179016,10144
,,,
99.22676065,174.5341296,4793.396675,10152
,,,
49.61338033,87.26706481,3182.101921,10160
,,,
24.80669016,43.63353241,1983.752752,10168
,,,
12.40334508,21.8167662,1188.227272,10176
,,,
6.201672541,10.9083831,692.2890838,10184
,,,
3.10083627,5.454191551,395.2322659,10192
,,,
415.5504181,749.7270958,6945.159995,10200
,,,
207.7752091,374.8635479,6846.351928,10208
,,,
103.8876045,187.4317739,5110.06193,10216
,,,
51.94380227,93.71588697,3398.473948,10224
,,,
25.97190113,46.85794349,2120.958465,10232
,,,
12.98595057,23.42897174,1271.339978,10240
,,,
6.492975283,11.71448587,741.100362,10248
,,,
237.2464876,410.8572429,4068.265367,10256
,,,
118.6232438,205.4286215,3882.990277,10264
,,,
59.31162191,102.7143107,2865.923935,10272
,,,
29.65581096,51.35715537,1895.176366,10280
,,,
14.82790548,25.67857768,1178.695382,10288
,,,
7.413952739,12.83928884,704.9012906,10296
,,,
3.706976369,6.419644421,410.2274451,10304
,,,
1.853488185,3.20982221,234.0021224,10312
,,,
63.92674409,271.6049111,2561.445261,10320
,,,
31.96337205,135.8024556,2502.944731,10328
,,,
15.98168602,67.90122778,1862.583415,10336
,,,
7.990843012,33.95061389,1236.847233,10344
,,,
3.995421506,16.97530694,771.2013788,10352
,,,
1.997710753,8.487653472,461.9895707,10360
,,,
0.998855376,4.243826736,269.189226,10368
,,,
0.499427688,2.121913368,153.6918333,10376
,,,
0.249713844,1.060956684,86.3945268,10384
,,,
-233.8751431,-17.46952166,-114.0284315,10392
,,,
-116.9375715,-8.734760829,-135.6270632,10400
,,,
-58.46878577,-4.367380415,-107.1199553,10408
,,,
-29.23439288,-2.183690207,-73.21318954,10416
,,,
-14.61719644,-1.091845104,-46.4332007,10424
,,,
-7.308598221,-0.545922552,-28.12990332,10432
,,,
-3.654299111,-0.272961276,-16.52160314,10440
,,,
-1144.82715,-792.1364806,-7137.489127,10448
,,,
-572.4135748,-396.0682403,-7133.358727,10456
,,,
-286.2067874,-198.0341202,-5348.986445,10464
,,,
-143.1033937,-99.01706008,-3565.646763,10472
,,,
-71.55169685,-49.50853004,-2228.400152,10480
,,,
-35.77584842,-24.75426502,-1336.988461,10488
,,,
-17.88792421,-12.37713251,-779.8884232,10496
,,,
-8.943962106,-6.188566255,-445.6413079,10504
,,,
-4.471981053,-3.094283127,-250.6692021,10512
,,,
-2.235990526,-1.547141564,-139.2588751,10520
,,,
-1054.117995,1142.226429,10210.40843,10528
,,,
-527.0589976,571.1132146,10245.22314,10536
,,,
-263.5294988,285.5566073,7692.621038,10544
,,,
-131.7647494,142.7783037,5131.315252,10552
,,,
-65.8823747,71.38915183,3208.159992,10560
,,,
-32.94118735,35.69457591,1925.331179,10568
,,,
-16.47059368,17.84728796,1123.291181,10576
,,,
-8.235296838,8.923643978,641.9583865,10584
,,,
-274.1176484,202.461822,2143.135591,10592
,,,
-137.0588242,101.230911,1982.645995,10600
,,,
-68.5294121,50.6154555,1446.862097,10608
,,,
-34.26470605,25.30772775,951.2005981,10616
,,,
-17.13235303,12.65386387,589.4850739,10624
,,,
-8.566176513,6.326931937,351.6849244,10632
,,,
-4.283088257,3.163465969,204.3136559,10640
,,,
-2.141544128,1.581732984,116.3924248,10648
,,,
-1.070772064,0.790866492,65.31401084,10656
,,,
-144.535386,-170.6045668,-1502.784095,10664
,,,
-72.26769302,-85.30228338,-1519.112598,10672
,,,
-36.13384651,-42.65114169,-1143.416574,10680
,,,
-18.06692325,-21.32557084,-763.6384247,10688
,,,
-9.033461627,-10.66278542,-477.7842812,10696
,,,
-4.516730814,-5.331392711,-286.874675,10704
,,,
-2.258365407,-2.665696356,-167.4286047,10712
,,,
-1.129182703,-1.332848178,-95.70993594,10720
,,,
-0.564591352,-0.666424089,-53.85278477,10728
,,,
-0.282295676,-0.333212044,-29.92530079,10736
,,,
-0.141147838,-0.166606022,-16.46210459,10744
,,,
-117.0705739,-126.083303,-1142.980779,10752
,,,
-58.53528696,-63.04165151,-1138.865253,10760
,,,
-29.26764348,-31.52082575,-853.1200584,10768
,,,
-14.63382174,-15.76041288,-568.4037451,10776
,,,
-7.31691087,-7.880206438,-355.1237305,10784
,,,
-3.658455435,-3.940103219,-213.0227942,10792
,,,
-1.829227717,-1.97005161,-124.2418616,10800
,,,
-0.914613859,-0.985025805,-70.98616304,10808
,,,
-0.457306929,-0.492512902,-39.92569764,10816
,,,
-0.228653465,53.75374355,463.8208431,10824
,,,
-0.114326732,26.87687177,473.8022675,10832
,,,
-0.057163366,13.43843589,357.8470567,10840
,,,
-0.028581683,6.719217944,239.3964899,10848
,,,
-0.014290842,3.359608972,149.9347257,10856
,,,
-0.007145421,1.679804486,90.08560321,10864
,,,
-0.00357271,0.839902243,52.60192179,10872
,,,
-0.001786355,0.419951121,30.08052099,10880
,,,
-0.000893178,0.209975561,16.93004054,10888
,,,
251.9995534,279.1049878,2520.40991,10896
,,,
125.9997767,139.5524939,2516.1774,10904
,,,
62.99988835,69.77624695,1886.074923,10912
,,,
31.49994418,34.88812347,1257.030573,10920
,,,
15.74997209,17.44406174,785.5118419,10928
,,,
7.874986044,8.722030868,471.2541988,10936
,,,
3.937493022,4.361015434,274.8762383,10944
,,,
505.9687465,605.1805077,5584.062689,10952
,,,
252.9843733,302.5902539,5515.343629,10960
,,,
126.4921866,151.2951269,4119.327957,10968
,,,
63.24609331,75.64756346,2740.49205,10976
,,,
31.62304666,37.82378173,1710.66006,10984
,,,
15.81152333,18.91189087,1025.537048,10992
,,,
7.905761664,9.455945433,597.8720329,11000
,,,
3.952880832,4.727972717,341.4877709,11008
,,,
442.9764404,623.3639864,5781.019763,11016
,,,
221.4882202,311.6819932,5695.64782,11024
,,,
110.7441101,155.8409966,4250.392879,11032
,,,
55.37205505,77.92049829,2826.480924,11040
,,,
27.68602753,38.96024915,1763.882704,11048
,,,
13.84301376,19.48012457,1057.262473,11056
,,,
6.921506882,9.740062287,616.2917973,11064
,,,
3.460753441,4.870031143,351.9761789,11072
,,,
1.73037672,2.435015572,197.9032296,11080
,,,
369.8651884,478.2175078,4402.909185,11088
,,,
184.9325942,239.1087539,4353.433377,11096
,,,
92.46629709,119.5543769,3252.706081,11104
,,,
46.23314855,59.77718847,2164.347737,11112
,,,
23.11657427,29.88859424,1351.171217,11120
,,,
11.55828714,14.94429712,810.0842824,11128
,,,
5.779143568,7.472148559,472.2914782,11136
,,,
2.889571784,3.73607428,269.7704076,11144
,,,
280.4447859,370.8680371,3472.697538,11152
,,,
140.2223929,185.4340186,3405.254936,11160
,,,
70.11119647,92.71700928,2537.080552,11168
,,,
35.05559824,46.35850464,1685.766818,11176
,,,
17.52779912,23.17925232,1051.49668,11184
,,,
8.763899559,11.58962616,630.0549753,11192
,,,
4.38194978,5.79481308,367.1808054,11200
,,,
2.19097489,2.89740654,209.6670615,11208
,,,
1.095487445,1.44870327,117.8718602,11216
,,,
153.5477437,243.7243516,2252.455095,11224
